"starting_providername","total_util","percent_of_total_util","avg_util","total_patients","percent_of_total_patients","total_claims","percent_of_total_claims","avg_claims_per_patient","total_op_lab_claims","percent_of_total_op_lab_claims","total_op_consult_claims","percent_of_total_op_consult_claims","total_inpatient_claims","percent_of_total_inpatient_claims","total_emergency_claims","percent_of_total_emergency_claims","total_acu_claims","percent_of_total_acu_claims","total_dental_claims","percent_of_total_dental_claims","avg_op_consult_claims_per_patient","avg_op_lab_claims_per_patient","avg_inpatient_claims_per_patient","avg_emergency_claims_per_patient","avg_acu_claims_per_patient","avg_dental_claims_per_patient","total_op_lab_util","percent_of_total_op_lab_util","total_op_consult_util","percent_of_total_op_consult_util","total_inpatient_util","percent_of_total_inpatient_util","total_emergency_util","percent_of_total_emergency_util","total_acu_util","percent_of_total_acu_util","total_dental_util","percent_of_total_dental_util","avg_op_consult_util_per_patient","avg_op_lab_util_per_patient","avg_inpatient_util_per_patient","avg_emergency_util_per_patient","avg_acu_util_per_patient","avg_dental_util_per_patient"
ALL OTHER PROVIDERS,736299358.0300084,0.6373059917732179,3914.320578137671,38917,0.72816914585087473103,188104,0.69728321106732847235,4.8334660945088265,84239,0.44783205035512269808,95466,0.50751711818993748139,2515,0.01337026325862288947,5064,0.02692127759111980606,819,0.00435397439714200655,1,0.000005316208055118445115,2.4530667831538916,2.1645810314258550,0.06462471413521083331,0.13012308245753783694,0.02104478762494539661,0.000025695711385769715035,439409286.1899974,0.5967807541835295,54223905.33000026,0.0736438307851823,199753614.0299998,0.271294021720251,41756038.670000084,0.05671068189128898,1152044.28,0.001564641157751828,4469.53,0.0000060702619814,1393.3218215689878459,11290.934198165249,5132.8112143793200915,1072.9511182773620783,29.6025973225068736,0.11484775291003931444
MAKATI MEDICAL CENTER,68393032.91999988,0.05919778307572892,6018.923956701565,1975,0.03695387781831789690,11363,0.04212153450940997231,5.7534177215189873,5530,0.48666725336618850656,5437,0.47848279503652204523,123,0.01082460617794596497,239,0.02103317785796004576,34,0.00299216756138343747,0,0.000000000000000000000000,2.7529113924050633,2.8000000000000000,0.06227848101265822785,0.12101265822784810127,0.01721518987341772152,0.00000000000000000000,46603650.56999995,0.6814093275335915,3249377.59,0.047510359626847284,15575038.969999995,0.22772844403929715,2920441.789999999,0.04270086681805842,44524.0,0.000651001982206,0.0,0.0,1645.2544759493670886,23596.785098734127,7886.0956810126582278,1478.7047037974683544,22.5437974683544304,0
ST. LUKE'S MEDICAL CENTER-GLOBAL CITY,66830110.71000001,0.057844991336546414,7741.238353990502,1653,0.03092899242211619422,8633,0.03200169034759625899,5.2226255293405929,4231,0.49009614270821267230,3952,0.45777829259816981351,128,0.01482682729062898181,293,0.03393953434495540368,29,0.00335920305803312869,0,0.00000000000000000000,2.3908045977011494,2.5595886267392619,0.07743496672716273442,0.17725347852389594676,0.01754385964912280702,0.00000000000000000000,45013904.39000001,0.6735572320885654,2381192.2399999993,0.03563052963256119,16301747.23,0.24392817933130725,3096650.850000001,0.046336162204451324,36616.0,0.0005478967431146,0.0,0.0,1440.5276709013914096,27231.642099213551,9861.9160496067755596,1873.3519963702359347,22.1512401693889897,0
ASIAN HOSPITAL AND MEDICAL CENTER,53868819.13999995,0.046626308760506316,7356.113497200594,1491,0.02789783889980353635,7323,0.02714564791097502660,4.9114688128772636,3267,0.44612863580499795166,3702,0.50553052027857435477,131,0.01788884337020346852,205,0.02799399153352451181,17,0.00232145295643861805,1,0.00013655605626109518,2.4828973843058350,2.1911468812877264,0.08786049631120053655,0.13749161636485580148,0.01140174379610999329,0.00067069081153588196,34507314.74999995,0.640580493519241,2165709.08,0.040203388798472225,14900599.829999994,0.2766089932521958,2251117.480000001,0.041788877423682876,42348.0,0.0007861319530681,1730.0,0.0000321150533392,1452.5211804158283032,23143.738933601543,9993.6953923541247485,1509.8038095238095238,28.4024144869215292,1.1602951039570758
ST. LUKE'S MEDICAL CENTER-QC,52117792.85999994,0.04511070301153201,6300.506873791095,1383,0.02587706988492843110,8272,0.03066349850055788884,5.9812002892263196,4163,0.50326402321083172147,3752,0.45357833655705996132,111,0.01341876208897485493,223,0.02695841392649903288,23,0.00278046421663442940,0,0.00000000000000000000,2.7129428778018800,3.0101229211858279,0.08026030368763557484,0.16124367317425885756,0.01663051337671728127,0.00000000000000000000,35750522.00999999,0.6859561782678308,2167443.16,0.041587393499610346,12056323.650000002,0.2313283619355483,2114430.0400000005,0.040570214584486196,29074.0,0.0005578517125255,0.0,0.0,1567.2040202458423717,25849.979761388286,8717.5152928416485900,1528.8720462762111352,21.0224150397686189,0
THE MEDICAL CITY,46918054.40000001,0.040610054681377517,5074.416439541425,1454,0.02720553840396669473,9246,0.03427402165572512576,6.3590096286107290,4944,0.53471771576898118105,3909,0.42277741726151849448,121,0.01308674021198356046,229,0.02476746701276227558,43,0.00465065974475448843,0,0.00000000000000000000,2.6884456671251719,3.4002751031636864,0.08321870701513067400,0.15749656121045392022,0.02957359009628610729,0.00000000000000000000,28995211.679999966,0.6179968894873866,2467289.98,0.05258721853564327,13078999.149999999,0.2787626067887418,2314940.59,0.04934008069183703,61613.0,0.001313204496391052,0.0,0.0,1696.8981980742778542,19941.686162310867,8995.1851100412654746,1592.1187001375515818,42.3748280605226960,0
COMMONWEALTH HOSPITAL AND MEDICAL CENTER,30434490.75000007,0.02634265954466736,4288.359976046227,1401,0.02621386472074094864,7097,0.02630788791809227963,5.0656673804425410,3230,0.45512188248555727772,3436,0.48414823164717486262,100,0.01409046075806678878,281,0.03959419473016767648,50,0.00704523037903339439,0,0.00000000000000000000,2.4525339043540328,2.3054960742326909,0.07137758743754461099,0.20057102069950035689,0.03568879371877230550,0.00000000000000000000,18773122.460000005,0.6168370817901712,1944596.629999999,0.06389450199688311,7672390.6099999985,0.2520952518320019,1959970.9000000004,0.0643996614268959,84410.15,0.002773502954045643,0.0,0.0,1388.0061598857958601,13399.801898643826,5476.3673162027123483,1398.9799428979300500,60.2499286224125625,0
THE MEDICAL CITY SATELLITE CLINICS-SM FAIRVIEW CLINIC,29683262.41000022,0.025692431730327377,3230.3038861682685,1594,0.02982505379361960894,9189,0.03406272820619275152,5.7647427854454203,4159,0.45260637719011862009,4732,0.51496354336706932202,61,0.00663837196648166286,189,0.02056807051909892262,48,0.00522363695723147241,0,0.00000000000000000000,2.9686323713927227,2.6091593475533250,0.03826850690087829360,0.11856963613550815558,0.03011292346298619824,0.00000000000000000000,21707924.139999993,0.731318675156362,2324760.5999999903,0.07831890470424786,4239281.289999999,0.14281722916588158,1352802.3799999994,0.04557458547899519,58494.0,0.0019706054945056685,0.0,0.0,1458.4445420326160602,13618.522045169385,2659.5240213299874529,848.6840526976160602,36.6963613550815558,0
CHINESE GENERAL HOSPITAL & MEDICAL CENTER,27402731.520000026,0.023718511768601968,3580.184415991642,1428,0.02671905697445972495,7654,0.02837263267931214715,5.3599439775910364,3021,0.39469558400836164097,4344,0.56754638097726678861,103,0.01345701593937810295,161,0.02103475307029004442,25,0.00326626600470342305,0,0.00000000000000000000,3.0420168067226891,2.1155462184873950,0.07212885154061624650,0.11274509803921568627,0.01750700280112044818,0.00000000000000000000,13768442.01,0.502447794299303,2494196.3899999997,0.09101999149900797,9374075.990000002,0.34208545900463544,1729785.1300000006,0.06312455124181716,36232.0,0.0013222039552354804,0.0,0.0,1746.6361274509803922,9641.7661134453781513,6564.4789845938375350,1211.3341246498599440,25.3725490196078431,0
THE MEDICAL CITY SATELLITE CLINICS-VICTORY MALL,22346327.8400001,0.019341927262661446,3011.63447978438,1295,0.02423051735428945645,7420,0.02750521746544240029,5.7297297297297297,3398,0.45795148247978436658,3883,0.52331536388140161725,36,0.00485175202156334232,67,0.00902964959568733154,36,0.00485175202156334232,0,0.00000000000000000000,2.9984555984555985,2.6239382239382239,0.02779922779922779923,0.05173745173745173745,0.02779922779922779923,0.00000000000000000000,15994780.23,0.7157677245461879,2022551.2299999862,0.09050933309855087,3583996.81,0.16038415061577221,706027.5700000001,0.03159479154942876,38972.0,0.0017440001900553797,0.0,0.0,1561.8156216216138996,12351.181644787645,2767.5651042471042471,545.1950347490347490,30.0942084942084942,0
MANILA DOCTORS HOSPITAL,21037002.550000023,0.018208637054817397,3848.701527625324,854,0.01597904387688277669,5466,0.02026192973936767655,6.4004683840749415,2970,0.54335894621295279912,2354,0.43066227588730332967,46,0.00841566044639590194,90,0.01646542261251372119,6,0.00109769484083424808,0,0.00000000000000000000,2.7564402810304450,3.4777517564402810,0.05386416861826697892,0.10538641686182669789,0.00702576112412177986,0.00000000000000000000,14463739.390000006,0.6875380347377475,1370933.68,0.06516772894530064,4092459.0000000005,0.19453622208169555,1104020.4699999997,0.05247993231811434,5850.01,0.0002780819171408,0.0,0.0,1605.3087587822014052,16936.462985948478,4792.1065573770491803,1292.7640163934426230,6.8501288056206089,0
